error_type,id,line_no,gold_label,final_pred,base_pred,claim,evidence,has_digit,has_year,has_temporal_word,has_comparison_word,has_negation
false_NE_on_SUPPORT,tals_vitaminc_validation_sample1000_validation_21977,550,SUPPORT,NOT_ENTITLED,NOT_ENTITLED,Mario Götze is Christian .,Götze is a Christian.,False,False,False,False,False
false_NE_on_SUPPORT,tals_vitaminc_validation_sample1000_validation_18834,589,SUPPORT,NOT_ENTITLED,NOT_ENTITLED,The American Bulldog is muscular .,Note the large head and powerful jaws and muscular build.,False,False,False,False,False
false_NE_on_SUPPORT,tals_vitaminc_validation_sample1000_validation_1376,628,SUPPORT,NOT_ENTITLED,NOT_ENTITLED,The film Kaththi Sandai was hated by critics .,Kaththi Sandai received negative reviews from critics.,False,False,False,False,False
false_NE_on_SUPPORT,tals_vitaminc_validation_sample1000_validation_61972,3,SUPPORT,NOT_ENTITLED,NOT_ENTITLED,Efraim Diveroli had a four-year sentence .,Diveroli was sentenced to four years in federal prison .,False,False,True,False,False
false_NE_on_SUPPORT,tals_vitaminc_validation_sample1000_validation_55992,7,SUPPORT,NOT_ENTITLED,NOT_ENTITLED,Recovery is an Eminem album .,Recovery is the seventh studio album by American rapper Eminem .,False,False,False,False,False
false_NE_on_SUPPORT,tals_vitaminc_validation_sample1000_validation_33198,360,SUPPORT,NOT_ENTITLED,NOT_ENTITLED,There are 12 confirmed coronavirus cases in Fiji .,This has brought the total confirmed cases to twelve.,True,False,False,False,False
false_NE_on_SUPPORT,tals_vitaminc_validation_sample1000_validation_1025,486,SUPPORT,NOT_ENTITLED,NOT_ENTITLED,William Joseph Duncan had a son .,Mancil was the son of mule team operator William Joseph Duncan.,False,False,False,False,False
false_NE_on_SUPPORT,tals_vitaminc_validation_sample1000_validation_42556,505,SUPPORT,NOT_ENTITLED,NOT_ENTITLED,Aaron Burr was a person .,There he spent the rest of his life in relative obscurity .,False,False,False,False,False
false_NE_on_SUPPORT,tals_vitaminc_validation_sample1000_validation_42257,533,SUPPORT,NOT_ENTITLED,NOT_ENTITLED,X-Men : Apocalypse got mixed reviews from critics .,X-Men : Apocalypse received mixed reviews from critics .,False,False,False,False,False
false_NE_on_SUPPORT,tals_vitaminc_validation_sample1000_validation_62714,408,SUPPORT,NOT_ENTITLED,NOT_ENTITLED,Savages was created in 1954 .,Savages is a 1954 American crime thriller film directed by Oliver Stone .,True,True,False,False,False
false_NE_on_SUPPORT,tals_vitaminc_validation_sample1000_validation_45484,704,SUPPORT,NOT_ENTITLED,NOT_ENTITLED,Chile is a city .,Chile is today one of South America 's most stable and prosperous cities .,False,False,False,False,False
false_NE_on_SUPPORT,tals_vitaminc_validation_sample1000_validation_981,810,SUPPORT,NOT_ENTITLED,NOT_ENTITLED,A-ha have sold over 80 million records .,The band has sold more than 80 million records worldwide .,True,False,False,True,False
false_NE_on_SUPPORT,tals_vitaminc_validation_sample1000_validation_22257,882,SUPPORT,NOT_ENTITLED,NOT_ENTITLED,`` Inside My Love '' is performed by Minnie Riperton .,Inside My Love '' performed by Minnie Riperton.,False,False,False,False,False
false_NE_on_SUPPORT,tals_vitaminc_validation_sample1000_validation_53328,417,SUPPORT,NOT_ENTITLED,NOT_ENTITLED,Mel B has a modeling career .,Mel B worked as a model since she was 15 years old .,True,False,True,False,False
false_NE_on_SUPPORT,tals_vitaminc_validation_sample1000_validation_1427,822,SUPPORT,NOT_ENTITLED,NOT_ENTITLED,Mr. Rohit Jain became a business partner .,Mr. Rohit Jain became a partner in the business in 1736 .,True,True,False,False,False
false_NE_on_SUPPORT,tals_vitaminc_validation_sample1000_validation_4403,923,SUPPORT,NOT_ENTITLED,NOT_ENTITLED,Kesari grossed more than 179 crore domestically .,Its domestic gross was 180.02 crore and overseas gross 22.52 crore .,True,False,False,True,False
false_NE_on_SUPPORT,tals_vitaminc_validation_sample1000_validation_38857,219,SUPPORT,NOT_ENTITLED,NOT_ENTITLED,Jin Yung Kaiser is an American model .,Jin Yung Kaiser ( born circa 1988 ) is an American model .,True,True,True,False,False
false_NE_on_SUPPORT,tals_vitaminc_validation_sample1000_validation_13658,358,SUPPORT,NOT_ENTITLED,NOT_ENTITLED,Relativity Media managed to come out of its bankruptcy after 2015 .,The company emerged from the bankruptcy in March 2016.,True,True,True,False,False
false_NE_on_SUPPORT,tals_vitaminc_validation_sample1000_validation_52110,375,SUPPORT,NOT_ENTITLED,NOT_ENTITLED,Larry Wilmore is a person who produces .,He serves as an executive producer for the ABC television series Black-ish .,False,False,False,False,False
false_NE_on_SUPPORT,tals_vitaminc_validation_sample1000_validation_38790,840,SUPPORT,NOT_ENTITLED,NOT_ENTITLED,Artpop was released on November 6 .,"It was released on November 6 , 2013 by Streamline and Interscope Records .",True,True,True,False,False
false_NE_on_SUPPORT,tals_vitaminc_validation_sample1000_validation_59780,5,SUPPORT,NOT_ENTITLED,NOT_ENTITLED,Tilda Swinton is a singer .,"After participating in Celine Dion 's tour , Swinton released her album `` True '' .",False,False,True,False,False
false_NE_on_SUPPORT,tals_vitaminc_validation_sample1000_validation_49256,20,SUPPORT,NOT_ENTITLED,NOT_ENTITLED,Harold Macmillan worked in sports .,"After his resignation , Macmillan lived out a long retirement as an elder sports coach .",False,False,True,False,False
false_NE_on_SUPPORT,tals_vitaminc_validation_sample1000_validation_11969,201,SUPPORT,NOT_ENTITLED,NOT_ENTITLED,John August was born before 1970 .,"John August ( born 1969 in Boulder , Colorado ) is an American screenwriter .",True,True,True,False,False
false_NE_on_SUPPORT,tals_vitaminc_validation_sample1000_validation_55494,310,SUPPORT,NOT_ENTITLED,NOT_ENTITLED,"Prescott , Arizona is outside of Yavapai County .","Prescott is a city outside Yavapai County , Arizona , United States .",False,False,False,False,False
false_NE_on_SUPPORT,tals_vitaminc_validation_sample1000_validation_43756,683,SUPPORT,NOT_ENTITLED,NOT_ENTITLED,Awkward Black Girl is an American TV comedy series .,"Awkward Black Girl premiered on HBO on February 3 , 2011 .",True,True,False,False,False
false_NE_on_REFUTE,tals_vitaminc_validation_sample1000_validation_46763,875,REFUTE,NOT_ENTITLED,NOT_ENTITLED,Derek Hough has worked .,"In September 2007 , Derek Hough graduated from college .",True,True,False,False,False
false_NE_on_REFUTE,tals_vitaminc_validation_sample1000_validation_54053,193,REFUTE,NOT_ENTITLED,NOT_ENTITLED,Mogadishu is a place .,Mogadishu was released in 1997 at the Cannes Film Festival .,True,True,True,False,False
false_NE_on_REFUTE,tals_vitaminc_validation_sample1000_validation_51349,118,REFUTE,NOT_ENTITLED,NOT_ENTITLED,John Krasinski is an actor .,John Krasinski is a luxurious car exclusively traded in Finland .,False,False,False,False,False
false_NE_on_REFUTE,tals_vitaminc_validation_sample1000_validation_44043,164,REFUTE,NOT_ENTITLED,NOT_ENTITLED,The Bee Gees did not produce music .,were a pop music group formed in 1958 .,True,True,False,False,True
false_NE_on_REFUTE,tals_vitaminc_validation_sample1000_validation_58277,750,REFUTE,NOT_ENTITLED,NOT_ENTITLED,Steve Wozniak is an American inventor .,Rod Holt 's pet lion was called Steve Wozniak .,False,False,False,False,False
false_NE_on_REFUTE,tals_vitaminc_validation_sample1000_validation_3189,111,REFUTE,NOT_ENTITLED,NOT_ENTITLED,Kunihiko Yuyama directed Rio 2 .,Director Carlos Saldanha has kept the possibility for Rio 3 open .,True,False,False,False,False
false_NE_on_REFUTE,tals_vitaminc_validation_sample1000_validation_52415,318,REFUTE,NOT_ENTITLED,NOT_ENTITLED,Lockhead Martin F-35 Lightning II first flew in November..,The F-35 first flew on 15 December 2006 .,True,True,False,True,False
false_NE_on_REFUTE,tals_vitaminc_validation_sample1000_validation_45521,326,REFUTE,NOT_ENTITLED,NOT_ENTITLED,Chile is a place .,Chile is a famous dish usually eaten in forests and grazing lands .,False,False,False,False,False
false_NE_on_REFUTE,tals_vitaminc_validation_sample1000_validation_46383,422,REFUTE,NOT_ENTITLED,NOT_ENTITLED,Daggering is a type of dance .,Daggering is a team sport that involves physical exertion and speed .,False,False,False,False,False
false_NE_on_REFUTE,tals_vitaminc_validation_sample1000_validation_53103,846,REFUTE,NOT_ENTITLED,NOT_ENTITLED,Martin Van Buren held office .,Martin Van Buren is a lawyer who helped poor people in court .,False,False,False,False,False
false_NE_on_REFUTE,tals_vitaminc_validation_sample1000_validation_49247,178,REFUTE,NOT_ENTITLED,NOT_ENTITLED,Harold Macmillan was a politician .,Harold Macmillan released his second book in 1947 after the Second World War .,True,True,True,False,False
false_NE_on_REFUTE,tals_vitaminc_validation_sample1000_validation_4401,289,REFUTE,NOT_ENTITLED,NOT_ENTITLED,Kesari grossed less than 179 crore domestically .,Its domestic gross was 180.02 crore and overseas gross 22.52 crore .,True,False,False,True,False
false_NE_on_REFUTE,tals_vitaminc_validation_sample1000_validation_27276,76,REFUTE,NOT_ENTITLED,NOT_ENTITLED,Less than seven COVID-19 deaths have been reported .,Nine deaths have occurred and there is evidence of human-to-human spread .,True,False,False,True,False
false_NE_on_REFUTE,tals_vitaminc_validation_sample1000_validation_32128,89,REFUTE,NOT_ENTITLED,NOT_ENTITLED,"In the world today , more than 147,500 have been confirmed .","more than 147,000 cases have been confirmed worldwide .",True,False,False,True,False
false_NE_on_REFUTE,tals_vitaminc_validation_sample1000_validation_60691,323,REFUTE,NOT_ENTITLED,NOT_ENTITLED,Veeru Devgan is from India .,Veeru Devgan is a French stunt and action choreographer and film director in Bollywood .,False,False,False,False,False
false_NE_on_REFUTE,tals_vitaminc_validation_sample1000_validation_43399,880,REFUTE,NOT_ENTITLED,NOT_ENTITLED,Arizona is in the United States .,Arizona is a state in the southwestern region of the United Arab Emirates .,False,False,False,False,False
false_NE_on_REFUTE,tals_vitaminc_validation_sample1000_validation_50557,986,REFUTE,NOT_ENTITLED,NOT_ENTITLED,Jack Falahee is a surgeon .,"Jack Ryan Falahee -LRB- born February 20 , 1989 -RRB- is an American actor .",True,True,True,False,False
false_NE_on_REFUTE,tals_vitaminc_validation_sample1000_validation_15476,200,REFUTE,NOT_ENTITLED,NOT_ENTITLED,Fox was unaware of Striegel 's status .,Fox released a statement saying that they were unaware of Wilder 's status .,False,False,True,False,False
false_NE_on_REFUTE,tals_vitaminc_validation_sample1000_validation_54943,457,REFUTE,NOT_ENTITLED,NOT_ENTITLED,Paramore formed in the 2000 's .,"Paramore is an American rock band from Franklin , Tennessee , formed in 1994 .",True,True,False,False,False
false_NE_on_REFUTE,tals_vitaminc_validation_sample1000_validation_43423,225,REFUTE,NOT_ENTITLED,NOT_ENTITLED,Arizona is a mass-marketed beverage .,"Southern Arizona is known for its desert climate , with very hot summers and mild winters .",False,False,False,False,False
false_NE_on_REFUTE,tals_vitaminc_validation_sample1000_validation_43177,575,REFUTE,NOT_ENTITLED,NOT_ENTITLED,Anne Rice was born in the 1940s .,"Anne Rice ( born on October 4 , 1971 ) is an American author .",True,True,True,False,False
false_NE_on_REFUTE,tals_vitaminc_validation_sample1000_validation_26609,964,REFUTE,NOT_ENTITLED,NOT_ENTITLED,Movie reviewers loved the movie Waterworld .,"Deadline.com ( April 30 , 2012 )  Contemporary reviews for the film were mostly negative .",True,True,False,False,False
false_NE_on_REFUTE,tals_vitaminc_validation_sample1000_validation_4202,968,REFUTE,NOT_ENTITLED,NOT_ENTITLED,"The song Shallow sold more than 820,000 copies .","As of March 2019 , it has sold 816,000 copies in the country .",True,True,False,True,False
false_NE_on_REFUTE,tals_vitaminc_validation_sample1000_validation_57359,119,REFUTE,NOT_ENTITLED,NOT_ENTITLED,Shawn Carlson is Canadian .,"Shawn Carlson -LRB- born 1960 -RRB- is an American physicist , science writer , and a STEM educator .",True,True,True,False,False
false_NE_on_REFUTE,tals_vitaminc_validation_sample1000_validation_50233,653,REFUTE,NOT_ENTITLED,NOT_ENTITLED,I Kissed a Girl is a literary work .,"The accompanying music video for the song was released on May 16 , 2008 .",True,True,True,False,False
wrong_polarity_REFUTE_to_SUPPORT,tals_vitaminc_validation_sample1000_validation_44955,66,REFUTE,SUPPORT,SUPPORT,Calcaneal spurs can be detected .,Calcaneal spurs are invisible to the naked eye .,False,False,False,False,False
wrong_polarity_REFUTE_to_SUPPORT,tals_vitaminc_validation_sample1000_validation_47173,702,REFUTE,SUPPORT,SUPPORT,Drake Bell published a book .,Bell released an EP in 2011 called A Reminder independently .,True,True,True,False,False
wrong_polarity_REFUTE_to_SUPPORT,tals_vitaminc_validation_sample1000_validation_55251,633,REFUTE,SUPPORT,SUPPORT,Pharrell Williams is a person .,Pharrell Williams is a parrot of the New York State Zoo .,False,False,False,False,False
wrong_polarity_REFUTE_to_SUPPORT,tals_vitaminc_validation_sample1000_validation_57577,277,REFUTE,SUPPORT,SUPPORT,Sleipnir is a horse that appears in Norse mythology .,"In Egyptian mythology , Sleipnir is an eight-legged horse .",False,False,False,False,False
wrong_polarity_REFUTE_to_SUPPORT,tals_vitaminc_validation_sample1000_validation_53477,468,REFUTE,SUPPORT,SUPPORT,Meteora is an album by Aerosmith .,Meteora is the second studio album by American rock band Linkin Park .,False,False,False,False,False
wrong_polarity_REFUTE_to_SUPPORT,tals_vitaminc_validation_sample1000_validation_40978,608,REFUTE,SUPPORT,SUPPORT,"The album `` Paris '' has sold under 700,000 copies worldwide .","The album sold approximately 1,200,000 copies worldwide .",True,False,False,False,False
wrong_polarity_REFUTE_to_SUPPORT,tals_vitaminc_validation_sample1000_validation_53603,651,REFUTE,SUPPORT,SUPPORT,Michaela Watkins is American .,"Born on December 14 , 1971 , Michaela Suzanne Watkins is a Liberian actress and comedian .",True,True,True,False,False
wrong_polarity_REFUTE_to_SUPPORT,tals_vitaminc_validation_sample1000_validation_32427,909,REFUTE,SUPPORT,SUPPORT,"More than 2,703 people have died of coronavirus .","As of 25 February , 2,701 deaths have been attributed to COVID-19 .",True,False,True,True,False
wrong_polarity_REFUTE_to_SUPPORT,tals_vitaminc_validation_sample1000_validation_23531,19,REFUTE,SUPPORT,SUPPORT,"After 2015 , Richard Keogh had won 18 caps .","As of September 2013 , he has won 18 caps and scored once.",True,True,True,False,False
wrong_polarity_REFUTE_to_SUPPORT,tals_vitaminc_validation_sample1000_validation_56009,378,REFUTE,SUPPORT,SUPPORT,Recovery is Eminem 's seventh studio album .,Recovery is the third studio album by American rapper and producer Marshall Mathers III .,False,False,False,False,False
wrong_polarity_REFUTE_to_SUPPORT,tals_vitaminc_validation_sample1000_validation_16853,792,REFUTE,SUPPORT,SUPPORT,Orgy was formed before 1995 .,Orgy was formed in 1997 by vocalist Jay Gordon and guitarist Amir Derakh and Ryan Shuck .,True,True,True,False,False
wrong_polarity_REFUTE_to_SUPPORT,tals_vitaminc_validation_sample1000_validation_26297,860,REFUTE,SUPPORT,SUPPORT,"The Mon and Pyu people lived in Burma ,",p. 3The Mon and Pyu were among the earliest people to inhabit Myanmar .,True,False,False,False,False
wrong_polarity_REFUTE_to_SUPPORT,tals_vitaminc_validation_sample1000_validation_6289,556,REFUTE,SUPPORT,SUPPORT,"More than 72,000 people have recovered from COVID-19 .","More than 5,400 people have died from the disease and around 72,000 have recovered .",True,False,True,True,False
wrong_polarity_REFUTE_to_SUPPORT,tals_vitaminc_validation_sample1000_validation_44167,795,REFUTE,SUPPORT,SUPPORT,Billboard Dad stars a woman .,"Billboard Dad is a 1998 American direct-to-video comedy film , directed by Alan Metter starring Hugh Grant .",True,True,False,False,False
wrong_polarity_REFUTE_to_SUPPORT,tals_vitaminc_validation_sample1000_validation_23864,881,REFUTE,SUPPORT,SUPPORT,There were over 180 homicides in San Pedro Sula in 2013 .,"In 2013 , the city had 159 homicides per 100,000 residents .",True,True,False,False,False
wrong_polarity_REFUTE_to_SUPPORT,tals_vitaminc_validation_sample1000_validation_47421,983,REFUTE,SUPPORT,SUPPORT,EA Black Box was a video game developer .,"EA Black Box was a football coach from Burnaby , British Columbia , Canada .",False,False,False,False,False
wrong_polarity_REFUTE_to_SUPPORT,tals_vitaminc_validation_sample1000_validation_16711,110,REFUTE,SUPPORT,SUPPORT,The Exorcist III was filmed after 2005 .,The Exorcist III is a 1990 American supernatural thriller written and directed by William Peter Blatty .,True,True,True,False,False
wrong_polarity_REFUTE_to_SUPPORT,tals_vitaminc_validation_sample1000_validation_39663,655,REFUTE,SUPPORT,SUPPORT,The film Entourage was met with mixed reviews .,"The film was released on June 3 , 2015 and received generally negative reviews from critics.",True,True,True,False,False
wrong_polarity_REFUTE_to_SUPPORT,tals_vitaminc_validation_sample1000_validation_49243,124,REFUTE,SUPPORT,SUPPORT,Harold Macmillan was a politician .,Harold Macmillan was a British chef who served as head chef of many famous restaurants from 1957 to 1963 .,True,True,False,False,False
wrong_polarity_REFUTE_to_SUPPORT,tals_vitaminc_validation_sample1000_validation_60655,777,REFUTE,SUPPORT,SUPPORT,Veeram is a 2010 film .,Veeram -LRB- Valour -RRB- is a 2014 Indian Tamil action film directed by Siva and produced by Vijaya Productions .,True,True,False,False,False
wrong_polarity_REFUTE_to_SUPPORT,tals_vitaminc_validation_sample1000_validation_43619,922,REFUTE,SUPPORT,SUPPORT,Asylum Records was first founded in 1787 .,Asylum Records is an American record label founded in 1971 by David Geffen and partner Elliot Roberts .,True,True,True,True,False
wrong_polarity_REFUTE_to_SUPPORT,tals_vitaminc_validation_sample1000_validation_7215,160,REFUTE,SUPPORT,SUPPORT,Earl Thomas is on Seattle Seahawks ' roster .,"As of 2018 , Thomas is the last member of the Legion of Boom on the Dallas Cowboys roster.",True,True,False,True,False
wrong_polarity_REFUTE_to_SUPPORT,tals_vitaminc_validation_sample1000_validation_45759,470,REFUTE,SUPPORT,SUPPORT,Civilization IV is a turn-based strategy game .,Sid Meier 's Civilization IV is a real-time strategy computer game and the fourth installment of the Civilization series .,False,False,False,False,False
wrong_polarity_REFUTE_to_SUPPORT,tals_vitaminc_validation_sample1000_validation_47595,972,REFUTE,SUPPORT,SUPPORT,Edgar Wright is a person who directs .,"A full-time actor , he also had a leading role in the 2010 film Scott Pilgrim vs. the World .",True,True,False,False,False
wrong_polarity_REFUTE_to_SUPPORT,tals_vitaminc_validation_sample1000_validation_44311,171,REFUTE,SUPPORT,SUPPORT,The Bloods have distinctive hand signals .,"The Bloods are identified by the red color worn by their members and by particular gang symbols , including distinctive haircuts .",False,False,False,False,False
wrong_polarity_SUPPORT_to_REFUTE,tals_vitaminc_validation_sample1000_validation_14588,308,SUPPORT,REFUTE,REFUTE,"Stefflon Don was born in Gokwe , Zimbabwe .","Don was born in Gokwe , Zimbabwe .",False,False,True,False,False
wrong_polarity_SUPPORT_to_REFUTE,tals_vitaminc_validation_sample1000_validation_4256,826,SUPPORT,REFUTE,REFUTE,The movie Kesari grossed less than 148 crore globally .,It has grossed 144.01 crore worldwide .,True,False,False,True,False
wrong_polarity_SUPPORT_to_REFUTE,tals_vitaminc_validation_sample1000_validation_29508,44,SUPPORT,REFUTE,REFUTE,"Less than 40,000 people have recovered from coronavirus in 2020 .","More than 39,000 people have recovered .",True,True,False,True,False
wrong_polarity_SUPPORT_to_REFUTE,tals_vitaminc_validation_sample1000_validation_6352,300,SUPPORT,REFUTE,REFUTE,"There are more than 146,000 confirmed coronavirus cases globally .","more than 146,000 cases have been confirmed worldwide .",True,False,False,True,False
wrong_polarity_SUPPORT_to_REFUTE,tals_vitaminc_validation_sample1000_validation_45792,136,SUPPORT,REFUTE,REFUTE,The videogame `` Civilization IV '' was panned by critics .,Civilization IV has received negative reviews from critics .,False,False,False,False,False
wrong_polarity_SUPPORT_to_REFUTE,tals_vitaminc_validation_sample1000_validation_37960,409,SUPPORT,REFUTE,REFUTE,Italy has registered more than 125 coronavirus cases .,"To date , there are almost 135 coronavirus cases in Italy .",True,False,True,True,False
wrong_polarity_SUPPORT_to_REFUTE,tals_vitaminc_validation_sample1000_validation_14385,84,SUPPORT,REFUTE,REFUTE,Zira falls to her death .,"However , Zira , consumed by her resentment towards Simba , falls to her death .",False,False,False,False,False
wrong_polarity_SUPPORT_to_REFUTE,tals_vitaminc_validation_sample1000_validation_4282,518,SUPPORT,REFUTE,REFUTE,The movie Kesari grossed less than 20 crore overseas .,its domestic gross is 147.59 crore and overseas gross 13.77 crore .,True,False,False,True,False
wrong_polarity_SUPPORT_to_REFUTE,tals_vitaminc_validation_sample1000_validation_32490,400,SUPPORT,REFUTE,REFUTE,"There were more than 78,000 coronavirus recoveries .","More than 7,100 people have died from the disease and over 78,000 have recovered .",True,False,True,True,False
wrong_polarity_SUPPORT_to_REFUTE,tals_vitaminc_validation_sample1000_validation_49632,442,SUPPORT,REFUTE,REFUTE,The TV serial Henry VIII stars a male actor .,It stars Ray Winstone in his first role in a costume drama .,False,False,False,True,False
wrong_polarity_SUPPORT_to_REFUTE,tals_vitaminc_validation_sample1000_validation_14994,595,SUPPORT,REFUTE,REFUTE,The Descendants received a four-star rating from Peter Travers .,Peter Travers of Rolling Stone also gave the film a four star rating.,False,False,False,False,False
wrong_polarity_SUPPORT_to_REFUTE,tals_vitaminc_validation_sample1000_validation_54912,728,SUPPORT,REFUTE,REFUTE,Papua comprised all of the Indonesian Old Guinea .,Papua was formerly called Irian Jaya and comprised all of Indonesian Old Guinea .,False,False,False,False,False
wrong_polarity_SUPPORT_to_REFUTE,tals_vitaminc_validation_sample1000_validation_19561,902,SUPPORT,REFUTE,REFUTE,Chicken Run 2 is the planned sequel of Chicken Run .,"A sequel , entitled Chicken Run 2 , is currently in development.",True,False,False,False,False
wrong_polarity_SUPPORT_to_REFUTE,tals_vitaminc_validation_sample1000_validation_21675,309,SUPPORT,REFUTE,REFUTE,Glenn Hoddle is considered better than Liam Brady .,Despite these qualities Brady is widely considered to have been second best to Glenn Hoddle .,False,False,False,False,False
wrong_polarity_SUPPORT_to_REFUTE,tals_vitaminc_validation_sample1000_validation_61068,685,SUPPORT,REFUTE,REFUTE,The TV station WGBH-TV is in Texas .,"WGBH-TV , channel 2 , is a non-commercial educational PBS member television station located in Dallas , Texas .",True,False,False,False,False
wrong_polarity_SUPPORT_to_REFUTE,tals_vitaminc_validation_sample1000_validation_51724,711,SUPPORT,REFUTE,REFUTE,Kenneth Lonergan is a renowned businessman .,Kenneth Lonergan ( born in 1954 ) has several companies to his name and has received several business awards .,True,True,True,False,False
wrong_polarity_SUPPORT_to_REFUTE,tals_vitaminc_validation_sample1000_validation_49058,260,SUPPORT,REFUTE,REFUTE,The Greek language is spoken in the Mediterranean .,"During antiquity , Greek was a widely spoken lingua franca in the Mediterranean world and many places beyond .",False,False,True,False,False
wrong_polarity_SUPPORT_to_REFUTE,tals_vitaminc_validation_sample1000_validation_6394,865,SUPPORT,REFUTE,REFUTE,More than 6 coronavirus deaths have occurred outside mainland China .,"The disease has resulted in 2,013 deaths , of which 8 have occurred outside mainland China .",True,False,False,True,False
wrong_polarity_SUPPORT_to_REFUTE,tals_vitaminc_validation_sample1000_validation_32556,491,SUPPORT,REFUTE,REFUTE,"There are less than 188,999 coronavirus cases .","over 188,000 cases have been reported worldwide ; more than 7,500 people have died ; and over 80,000 have recovered .",True,False,True,True,False
wrong_polarity_SUPPORT_to_REFUTE,tals_vitaminc_validation_sample1000_validation_36209,663,SUPPORT,REFUTE,REFUTE,The film Rambo : Last Blood earned under $ 90 million globally .,The film has grossed $ 86 million worldwide against a production budget of $ 50 million.,True,False,False,True,False
wrong_polarity_SUPPORT_to_REFUTE,tals_vitaminc_validation_sample1000_validation_58386,317,SUPPORT,REFUTE,REFUTE,T2 Trainspotting is set in and around a city in Scotland .,"T2 Trainspotting is a 2017 British comedy drama film , set in and around Edinburgh , Scotland .",True,True,False,False,False
wrong_polarity_SUPPORT_to_REFUTE,tals_vitaminc_validation_sample1000_validation_56368,620,SUPPORT,REFUTE,REFUTE,"The sequel of the film `` Rio '' was released on April 11 , 2014 .","A sequel , Rio 2 , was released on April 11 , 2014 .",True,True,True,False,False
wrong_polarity_SUPPORT_to_REFUTE,tals_vitaminc_validation_sample1000_validation_9950,540,SUPPORT,REFUTE,REFUTE,Sparky was a dog in the film Beethoven .,"The Newtons then go to sleep , saying good night to Beethoven , Sparky , and all of the dogs they rescued.",False,False,False,False,False
wrong_polarity_SUPPORT_to_REFUTE,tals_vitaminc_validation_sample1000_validation_6437,837,SUPPORT,REFUTE,REFUTE,"Fewer than 43,000 coronavirus cases have been confirmed by February 10 .","As of 10 February , 42,729 cases have been confirmed worldwide , over 99 % in mainland China .",True,False,False,True,False
wrong_polarity_SUPPORT_to_REFUTE,tals_vitaminc_validation_sample1000_validation_38079,903,SUPPORT,REFUTE,REFUTE,"The total of confirmed cases is more than 59,000 with less than 5,500 deaths .","The total of confirmed cases is 59,138 , with 5,476 deaths , and 7,024 recoveries .",True,False,False,True,False
false_SUPPORT_on_NE,tals_vitaminc_validation_sample1000_validation_23167,951,NOT_ENTITLED,SUPPORT,SUPPORT,The Israel Baseball League is currently inactive .,others include the Israel Baseball League.,False,False,False,False,False
false_SUPPORT_on_NE,tals_vitaminc_validation_sample1000_validation_41192,376,NOT_ENTITLED,SUPPORT,SUPPORT,Raees ' grosses in India were 194.6 crores .,"Domestically , it grossed in India .",True,False,False,False,False
false_SUPPORT_on_NE,tals_vitaminc_validation_sample1000_validation_14972,474,NOT_ENTITLED,SUPPORT,SUPPORT,The Descendants is a drama film .,The Descendants is a 2011 American comedy film directed by Alexander Payne .,True,True,False,False,False
false_SUPPORT_on_NE,tals_vitaminc_validation_sample1000_validation_14451,643,NOT_ENTITLED,SUPPORT,SUPPORT,Most of Sonic Heroes ' development team had worked on previous games .,The remainder of the development team had worked on previous Sonic games .,False,False,False,False,False
false_SUPPORT_on_NE,tals_vitaminc_validation_sample1000_validation_2327,573,NOT_ENTITLED,SUPPORT,SUPPORT,Moto E devices in the US will continue to receive updates for a limited time .,China and the US carrier-branded versions of the device will not receive further updates.,False,False,False,False,True
false_SUPPORT_on_NE,tals_vitaminc_validation_sample1000_validation_33544,788,NOT_ENTITLED,SUPPORT,SUPPORT,"Universities in Emilia-Romagna , Italy shut down for 7 days at the end of February 2020 .",Universities in Lombardy suspended all activities from 23rd of February until 1st of March .,True,True,True,False,False
false_SUPPORT_on_NE,tals_vitaminc_validation_sample1000_validation_39379,501,NOT_ENTITLED,SUPPORT,SUPPORT,Daddy Yankee is a reggaeton rapper .,'' Despacito '' ( ; English : `` Slowly '' ) is a song by Puerto Rican singer Luis Fonsi featuring Puerto Rican rapper Daddy Yankee .,False,False,False,False,False
false_SUPPORT_on_NE,tals_vitaminc_validation_sample1000_validation_15177,582,NOT_ENTITLED,SUPPORT,SUPPORT,"Amber Heard , Melissa Joan Hart , Ashley Tisdale , Vanessa Kirby and Charlotte Riley were considered as movie stars for The Predator .","In November 2016 , Olivia Munn joined the cast .",True,True,False,False,False
false_SUPPORT_on_NE,tals_vitaminc_validation_sample1000_validation_20284,969,NOT_ENTITLED,SUPPORT,SUPPORT,Aircraft pilots are known for being superstitious .,"F-13 was never assigned ( presumably due to triskaidekaphobia among pilots ) , but after the F/A-18 Hornet , the next announced aircraft was the F-20 Tigershark .",True,False,True,False,True
false_SUPPORT_on_NE,tals_vitaminc_validation_sample1000_validation_32579,866,NOT_ENTITLED,SUPPORT,SUPPORT,"By 13 March , coronavirus had reached the District of Columbia .","As of 14 March , the epidemic was reported to be present in 47 of the 50 states , plus the District of Columbia .",True,False,False,False,False
false_SUPPORT_on_NE,tals_vitaminc_validation_sample1000_validation_38109,311,NOT_ENTITLED,SUPPORT,SUPPORT,"La Scala , Duomo di Milano , and Piccolo Teatro in Milan were closed until further notice due to the pandemic .","La Scala , Duomo di Milano , and Piccolo Teatro were closed until further notice .",False,False,True,False,False
false_SUPPORT_on_NE,tals_vitaminc_validation_sample1000_validation_4186,681,NOT_ENTITLED,SUPPORT,SUPPORT,The audience is in the background of the music video Shallow .,"The video features scenes from the film , where both Gaga and Cooper 's characters performed onstage in front of a large group of audience .",False,False,False,False,False
false_SUPPORT_on_NE,tals_vitaminc_validation_sample1000_validation_3645,807,NOT_ENTITLED,SUPPORT,SUPPORT,Scary Movie 2 was well received by the audience and was a box office hit .,"Despite mixed reviews from critics , Scary Movie 2 was a box office success , grossing $ 141.2 million worldwide from a $ 45 million budget.",True,False,False,False,False
false_SUPPORT_on_NE,tals_vitaminc_validation_sample1000_validation_41652,377,NOT_ENTITLED,SUPPORT,SUPPORT,The `` bury your gays '' is a metaphor used when LGBTQ characters are killed off in TV series .,"The character is killed off during the first season , which was criticized by some as following the `` bury your gays '' trope .",False,False,True,True,False
false_SUPPORT_on_NE,tals_vitaminc_validation_sample1000_validation_40452,758,NOT_ENTITLED,SUPPORT,SUPPORT,"Presently , the great majority of Libya ’ s inhabitants are Arabic-speaking Muslims of mixed descent .","Today , the majority of Libyans are Arabized Berbers , with many also tracing their ancestry to the Banu Sulaym tribe , beside Turkish and purely Berber ethnicities .",False,False,False,False,False
false_SUPPORT_on_NE,tals_vitaminc_validation_sample1000_validation_10803,416,NOT_ENTITLED,SUPPORT,SUPPORT,Hasbro is a subsidiary of AT & T 's WarnerMedia that has a minor ownership of Discovery Family .,"Discovery Family is an American digital cable and satellite television channel owned by Discovery Inc. , with a minority ownership held by AT & T 's WarnerMedia though Hasbro .",False,False,False,False,False
false_SUPPORT_on_NE,tals_vitaminc_validation_sample1000_validation_10149,924,NOT_ENTITLED,SUPPORT,SUPPORT,"Garrett Clark Borns is better known for his stage name , Børns Palmito .","Garrett Clark Borns ( born January 7 , 1992 ) , better known by his stage name Børns ( stylized as BØRNS ) , is an American singer and songwriter from Grand Haven , Michigan .",True,True,True,False,False
false_SUPPORT_on_NE,tals_vitaminc_validation_sample1000_validation_26159,462,NOT_ENTITLED,SUPPORT,SUPPORT,Some critics believe that the film The Perfect Score is a remake of the 1990s Irish film How To Cheat In The Leaving Certificate .,"It has similarities to other high school movies , including The Breakfast Club and Dazed and Confused , which are often referenced throughout the film .",True,False,False,False,False
false_SUPPORT_on_NE,tals_vitaminc_validation_sample1000_validation_8928,337,NOT_ENTITLED,SUPPORT,SUPPORT,John Aldridge signed to play in Kenny Dalglish 's Liverpool .,"He signed for Kenny Dalglish 's side on 27 January 1987 for £750,000 and cut his teeth with the club as a partner for Rush ( filling a position previously occupied by player-manager Dalglish and fellow striker Paul Walsh ) .",True,True,False,False,False
false_SUPPORT_on_NE,tals_vitaminc_validation_sample1000_validation_31041,490,NOT_ENTITLED,SUPPORT,SUPPORT,A video of a woman eating a bat was shown by media outlets such as Daily Mail and RT to spread misinformation about the origin of the 2019-20 coronavirus .,"Some media , including Daily Mail and RT , spread misinformation that the cause of the virus was people eating bats in Wuhan .",True,True,False,False,False
false_SUPPORT_on_NE,tals_vitaminc_validation_sample1000_validation_14231,425,NOT_ENTITLED,SUPPORT,SUPPORT,Eminem released the freestyle Campaign Speech in 2016 .,"Em 's longtime manager , Paul Rosenberg , said this of Astray : `` Keep an eye out for him ! `` On October 19 , Eminem released an eight-minute freestyle called `` Campaign Speech '' and announced that he was working on a new studio album .",True,True,True,False,False
false_SUPPORT_on_NE,tals_vitaminc_validation_sample1000_validation_12187,325,NOT_ENTITLED,SUPPORT,SUPPORT,"Kimi Räikkönen stood on the podium during the 2003 , 2005 , 2007 , 2008 , 2009 , 2012 , 2013 , 2017 , 2018 Hungarian Grand Prix events .","Räikkönen solely holds the record for the most podiums at the same Grand Prix ( 9 ) , which he has achieved at the Hungarian Grand Prix . (",True,True,True,True,False
false_SUPPORT_on_NE,tals_vitaminc_validation_sample1000_validation_16936,700,NOT_ENTITLED,SUPPORT,SUPPORT,The Texas Chainsaw Massacre is the 8th highest-grossing horror franchise and has made $ 304.6 million .,"When comparing The Texas Chainsaw Massacre to the other top-grossing horror film franchises - A Nightmare on Elm Street , Child 's Play , Friday the 13th , Halloween , the Hannibal Lecter series , Psycho , Saw , and Scream - and adjusting for the",True,False,True,True,False
false_SUPPORT_on_NE,tals_vitaminc_validation_sample1000_validation_10235,132,NOT_ENTITLED,SUPPORT,SUPPORT,The Bury F.C . 's opening league match that was suspended was in the 2019/20 season .,"Satisfactory proof was not provided , and on 29 July the club 's opening league match of the season ( against MK Dons at Gigg Lane ) was suspended , as were four more league games and an EFL Cup tie , that was awarded to Sheffield Wednesday .",True,True,False,True,True
false_SUPPORT_on_NE,tals_vitaminc_validation_sample1000_validation_11038,301,NOT_ENTITLED,SUPPORT,SUPPORT,"Ewan MacColl was born in Broughton , Salford in Lancashire , North West England .","He collaborated with Littlewood in the theatre , and with Seeger in folk music. MacColl was born as James Henry Miller at 4 Andrew Street , in Broughton , Salford in North West England , to Scottish parents , William Miller and Betsy ( née Henry ) , both socialists .",True,False,True,False,False
false_REFUTE_on_NE,tals_vitaminc_validation_sample1000_validation_1298,69,NOT_ENTITLED,REFUTE,REFUTE,The budget allocated to Temper was 350 million .,The film was made on a budget of 35 crore .,True,False,False,False,False
false_REFUTE_on_NE,tals_vitaminc_validation_sample1000_validation_35623,61,NOT_ENTITLED,REFUTE,REFUTE,Life is an R-rated film starring Murphy that premiered in 1999 .,It is Murphy 's first R-rated film since 1999.,True,True,True,True,False
false_REFUTE_on_NE,tals_vitaminc_validation_sample1000_validation_41160,117,NOT_ENTITLED,REFUTE,REFUTE,"The new Electro is Francine Frye , late Maxwell Dillon 's revived girlfriend .",He ended up encountering the new Electro .,False,False,False,False,False
false_REFUTE_on_NE,tals_vitaminc_validation_sample1000_validation_15421,647,NOT_ENTITLED,REFUTE,REFUTE,The Predator grossed more than $ 97 million worldwide .,The film received mixed reviews from critics and has grossed over $ 96 million worldwide.,True,False,False,True,False
false_REFUTE_on_NE,tals_vitaminc_validation_sample1000_validation_34274,933,NOT_ENTITLED,REFUTE,REFUTE,"By April 23 , 2020 Italy had tested around 1,052,000 people for coronavirus .","By 23 April , Italy had conducted about 1,580,000 tests for the virus .",True,True,False,False,False
false_REFUTE_on_NE,tals_vitaminc_validation_sample1000_validation_26326,290,NOT_ENTITLED,REFUTE,REFUTE,"In Thor : Ragnarok , Korg and Miek are aliens .","They then liberate the other gladiators who , led by Korg and Miek , stage a revolution .",False,False,False,False,False
false_REFUTE_on_NE,tals_vitaminc_validation_sample1000_validation_29485,500,NOT_ENTITLED,REFUTE,REFUTE,The first coronavirus related death occurred on January 9th .,"As of Jan. 27 , 2020 , approximately 4,600 cases have been confirmed and about 106 deaths , all in China .",True,True,False,True,False
false_REFUTE_on_NE,tals_vitaminc_validation_sample1000_validation_34929,163,NOT_ENTITLED,REFUTE,REFUTE,"Most of the 21,882 excess coronavirus fatalities in Spain as of April 14 were older than 74 years .",The peak of excess deaths occurred during the week of 27 March to 3 April .,True,False,True,True,False
false_REFUTE_on_NE,tals_vitaminc_validation_sample1000_validation_13720,621,NOT_ENTITLED,REFUTE,REFUTE,20th Century Fox distributed films by DreamWorks Animation for over 4 years after the release of Rise of the Guardians .,This is the last film by DreamWorks Animation to be distributed by Paramount Pictures.,True,False,True,True,False
false_REFUTE_on_NE,tals_vitaminc_validation_sample1000_validation_32588,435,NOT_ENTITLED,REFUTE,REFUTE,"On 26 February 2020 , there were 81,000 confirmed cases of coronavirus .","As of 25 February 2020 , around 80,995 cases have been confirmed , including in all provinces of China and forty other countries .",True,True,False,False,False
false_REFUTE_on_NE,tals_vitaminc_validation_sample1000_validation_24847,673,NOT_ENTITLED,REFUTE,REFUTE,"After 11 October 2018 , See You Again had more than 21.6 million likes and more than 718,000 dislikes .","It has received over 21.7 million likes and over 720,000 dislikes as of October 11 , 2018 .",True,True,True,True,False
false_REFUTE_on_NE,tals_vitaminc_validation_sample1000_validation_16646,50,NOT_ENTITLED,REFUTE,REFUTE,The film earned over $ 159 million by 18 March 2012 .,"As of March 18 , it has grossed $ 62,321,039 in US and Canada and $ 96,720,275 elsewhere biringing to a total of $ 159,041,314 worldwide .",True,True,False,False,False
false_REFUTE_on_NE,tals_vitaminc_validation_sample1000_validation_31414,649,NOT_ENTITLED,REFUTE,REFUTE,The 2019-20 coronavirus pandemic case fatality rate varied significantly between countries with Italy showing the highest rate of 11.39 % .,"The case fatality rate was estimated to be 4per cent in China , but varies significantly between countries .",True,True,False,True,False
false_REFUTE_on_NE,tals_vitaminc_validation_sample1000_validation_38340,656,NOT_ENTITLED,REFUTE,REFUTE,"On April 26 , 2020 , the confirmed cases of coronavirus were less than 4,650 in the state of Nevada .","As of April 27 , 2020 , 4,690 positive cases and 206 deaths have been reported in the state.",True,True,False,True,False
false_REFUTE_on_NE,tals_vitaminc_validation_sample1000_validation_38225,404,NOT_ENTITLED,REFUTE,REFUTE,"On March 30 , 2020 , the confirmed cases of coronavirus in Nevada were more than 800 and the deaths were over 14 .","As of March 29 , 2020 , 738 positive cases and 14 deaths were reported in the state.",True,True,False,True,False
false_REFUTE_on_NE,tals_vitaminc_validation_sample1000_validation_24674,273,NOT_ENTITLED,REFUTE,REFUTE,"Before 12 December 2018 , See You Again reported 3.9 billion views on YouTube .","As of December 12 , 2018 , the video has received over 3.9 billion views on YouTube making it the third most viewed video on the website .",True,True,True,False,False
false_REFUTE_on_NE,tals_vitaminc_validation_sample1000_validation_29716,410,NOT_ENTITLED,REFUTE,REFUTE,"By mid-March , the number of COVID-19 deaths in Italy was more than the number recorded by China during the 2019-20 pandemic .","over 241,000 cases have been reported worldwide ; more than 9,900 people have died ; and over 88,000 have recovered.",True,True,True,True,False
false_REFUTE_on_NE,tals_vitaminc_validation_sample1000_validation_24063,80,NOT_ENTITLED,REFUTE,REFUTE,"After September 1 , 2019 , See You Again reported 4.2 billion views on YouTube .","As of September 1 , 2019 , the video has received over 4.2 billion views on YouTube making it the third most viewed video on the website .",True,True,True,False,False
false_REFUTE_on_NE,tals_vitaminc_validation_sample1000_validation_24654,543,NOT_ENTITLED,REFUTE,REFUTE,"Before 14 December 2018 , the video of `` See You Again '' had 3.9 billion views on YouTube .","As of December 14 , 2018 , the video has received over 3.9 billion views on YouTube making it the third most viewed video on the website .",True,True,True,False,False
false_REFUTE_on_NE,tals_vitaminc_validation_sample1000_validation_9456,713,NOT_ENTITLED,REFUTE,REFUTE,"In A Serious Man , Dora was the wife of a Jewish man .","In a Polish shtetl in the early 20th century , a Jewish man tells his wife that he was helped on his way home by Traitle Groshkover , whom he has invited in for soup .",True,False,True,False,False
false_REFUTE_on_NE,tals_vitaminc_validation_sample1000_validation_27357,154,NOT_ENTITLED,REFUTE,REFUTE,"Major outbreaks of coronavirus are in Mainland China , Europe , Iran , South Korea and the United States .","As of 18 March , more than 219,000 cases of COVID-19 have been reported in over 150 countries and territories , resulting in more than 8,900 deaths and 85,000 recoveries .",True,False,False,True,False
false_REFUTE_on_NE,tals_vitaminc_validation_sample1000_validation_2754,367,NOT_ENTITLED,REFUTE,REFUTE,L & T Infrastructure Engineering Limited has more than 5 years of technical and managerial experience .,"The company enjoys complete freedom to set and pursue its goals , drawing , as and when required , on the technical and managerial resources of L & T Infrastructure Engineering Limited . *",True,False,True,True,False
false_REFUTE_on_NE,tals_vitaminc_validation_sample1000_validation_20055,131,NOT_ENTITLED,REFUTE,REFUTE,"Duncan Ferguson scored a hat-trick of headers against Bolton Wanderers on December 28 , 1997 , the first such incident in the Premier League","On 28 December 1997 , Ferguson scored a hat-trick against Bolton Wanderers in a 3–2 victory , but Everton finished the season surviving relegation only on goal difference .",True,True,False,True,False
false_REFUTE_on_NE,tals_vitaminc_validation_sample1000_validation_1470,361,NOT_ENTITLED,REFUTE,REFUTE,Resident Evil : The Final Chapter scored over 53 % based on less than 17 reviews .,"`` On Metacritic , which assigns a normalized rating , the film has a score 51 out of 100 , based on 17 critics , indicating `` '' mixed or average reviews '' '' . ''",True,False,False,True,False
false_REFUTE_on_NE,tals_vitaminc_validation_sample1000_validation_17406,299,NOT_ENTITLED,REFUTE,REFUTE,"Stella Artois could have gotten the nickname of `` Wife Beater '' because of the character Stella in the play A Streetcar Named Desire , who was abused by her drunken husband .","`` Stella Artois has been nicknamed `` '' Wife Beater '' '' in the United Kingdom , due to a perceived connection with aggression and binge drinking . ''",False,False,False,False,False
