threshold,system,metric,mean,std,n,formatted
0.3,conservative_balanced_router,final_accuracy,0.9286324786324786,0.003226424972337916,3,0.929 +/- 0.003
0.3,conservative_balanced_router,final_macro_f1,0.904622740035102,0.004494905357843352,3,0.905 +/- 0.004
0.3,conservative_balanced_router,classifier_entitled_count,234.33333333333334,1.1547005383792515,3,234.333 +/- 1.155
0.3,conservative_balanced_router,routed_entitled_count,233.66666666666666,0.5773502691896257,3,233.667 +/- 0.577
0.3,conservative_balanced_router,downgraded_count,0.6666666666666666,0.5773502691896257,3,0.667 +/- 0.577
0.3,conservative_balanced_router,downgrade_rate_among_classifier_entitled,0.0028368794326241137,0.002456809656126067,3,0.003 +/- 0.002
0.3,conservative_balanced_router,downgraded_gold_support_count,0.0,0.0,3,0.000 +/- 0.000
0.3,conservative_balanced_router,support_recall_pre_router,0.9888888888888889,0.011111111111111127,3,0.989 +/- 0.011
0.3,conservative_balanced_router,support_recall_post_router,0.9888888888888889,0.011111111111111127,3,0.989 +/- 0.011
0.3,conservative_balanced_router,support_recall_drop,0.0,0.0,3,0.000 +/- 0.000
0.3,conservative_balanced_router,support_precision_pre_router,0.6189655172413793,0.0125487152782365,3,0.619 +/- 0.013
0.3,conservative_balanced_router,support_precision_post_router,0.6203703703703703,0.010607814108694037,3,0.620 +/- 0.011
0.3,conservative_balanced_router,support_precision_gain,0.0014048531289910793,0.002433276996584663,3,0.001 +/- 0.002
0.3,conservative_balanced_router,false_support_removed_count,0.3333333333333333,0.5773502691896257,3,0.333 +/- 0.577
0.3,conservative_balanced_router,false_refute_removed_count,0.3333333333333333,0.5773502691896257,3,0.333 +/- 0.577
0.3,conservative_balanced_router,retained_violation_rate,0.0,0.0,3,0.000 +/- 0.000
0.3,conservative_balanced_router,pre_router_candidate_gate_fail_rate,0.0028368794326241137,0.002456809656126067,3,0.003 +/- 0.002
0.3,conservative_balanced_router,pre_router_candidate_gate_fail_count,0.6666666666666666,0.5773502691896257,3,0.667 +/- 0.577
0.3,conservative_strict_router,final_accuracy,0.9277777777777777,0.003916731363210106,3,0.928 +/- 0.004
0.3,conservative_strict_router,final_macro_f1,0.9034495125151037,0.005338634778044427,3,0.903 +/- 0.005
0.3,conservative_strict_router,classifier_entitled_count,234.33333333333334,1.1547005383792515,3,234.333 +/- 1.155
0.3,conservative_strict_router,routed_entitled_count,234.33333333333334,1.1547005383792515,3,234.333 +/- 1.155
0.3,conservative_strict_router,downgraded_count,0.0,0.0,3,0.000 +/- 0.000
0.3,conservative_strict_router,downgrade_rate_among_classifier_entitled,0.0,0.0,3,0.000 +/- 0.000
0.3,conservative_strict_router,downgraded_gold_support_count,0.0,0.0,3,0.000 +/- 0.000
0.3,conservative_strict_router,support_recall_pre_router,0.9888888888888889,0.011111111111111127,3,0.989 +/- 0.011
0.3,conservative_strict_router,support_recall_post_router,0.9888888888888889,0.011111111111111127,3,0.989 +/- 0.011
0.3,conservative_strict_router,support_recall_drop,0.0,0.0,3,0.000 +/- 0.000
0.3,conservative_strict_router,support_precision_pre_router,0.6189655172413793,0.0125487152782365,3,0.619 +/- 0.013
0.3,conservative_strict_router,support_precision_post_router,0.6189655172413793,0.0125487152782365,3,0.619 +/- 0.013
0.3,conservative_strict_router,support_precision_gain,0.0,0.0,3,0.000 +/- 0.000
0.3,conservative_strict_router,false_support_removed_count,0.0,0.0,3,0.000 +/- 0.000
0.3,conservative_strict_router,false_refute_removed_count,0.0,0.0,3,0.000 +/- 0.000
0.3,conservative_strict_router,retained_violation_rate,0.0,0.0,3,0.000 +/- 0.000
0.3,conservative_strict_router,pre_router_candidate_gate_fail_rate,0.0,0.0,3,0.000 +/- 0.000
0.3,conservative_strict_router,pre_router_candidate_gate_fail_count,0.0,0.0,3,0.000 +/- 0.000
0.3,dual_auditor_router,final_accuracy,0.9286324786324786,0.003226424972337916,3,0.929 +/- 0.003
0.3,dual_auditor_router,final_macro_f1,0.904622740035102,0.004494905357843352,3,0.905 +/- 0.004
0.3,dual_auditor_router,classifier_entitled_count,234.33333333333334,1.1547005383792515,3,234.333 +/- 1.155
0.3,dual_auditor_router,routed_entitled_count,233.66666666666666,0.5773502691896257,3,233.667 +/- 0.577
0.3,dual_auditor_router,downgraded_count,0.6666666666666666,0.5773502691896257,3,0.667 +/- 0.577
0.3,dual_auditor_router,downgrade_rate_among_classifier_entitled,0.0028368794326241137,0.002456809656126067,3,0.003 +/- 0.002
0.3,dual_auditor_router,downgraded_gold_support_count,0.0,0.0,3,0.000 +/- 0.000
0.3,dual_auditor_router,support_recall_pre_router,0.9888888888888889,0.011111111111111127,3,0.989 +/- 0.011
0.3,dual_auditor_router,support_recall_post_router,0.9888888888888889,0.011111111111111127,3,0.989 +/- 0.011
0.3,dual_auditor_router,support_recall_drop,0.0,0.0,3,0.000 +/- 0.000
0.3,dual_auditor_router,support_precision_pre_router,0.6189655172413793,0.0125487152782365,3,0.619 +/- 0.013
0.3,dual_auditor_router,support_precision_post_router,0.6203703703703703,0.010607814108694037,3,0.620 +/- 0.011
0.3,dual_auditor_router,support_precision_gain,0.0014048531289910793,0.002433276996584663,3,0.001 +/- 0.002
0.3,dual_auditor_router,false_support_removed_count,0.3333333333333333,0.5773502691896257,3,0.333 +/- 0.577
0.3,dual_auditor_router,false_refute_removed_count,0.3333333333333333,0.5773502691896257,3,0.333 +/- 0.577
0.3,dual_auditor_router,retained_violation_rate,0.0,0.0,3,0.000 +/- 0.000
0.3,dual_auditor_router,pre_router_candidate_gate_fail_rate,0.0028368794326241137,0.002456809656126067,3,0.003 +/- 0.002
0.3,dual_auditor_router,pre_router_candidate_gate_fail_count,0.6666666666666666,0.5773502691896257,3,0.667 +/- 0.577
0.4,conservative_balanced_router,final_accuracy,0.9286324786324786,0.003226424972337916,3,0.929 +/- 0.003
0.4,conservative_balanced_router,final_macro_f1,0.904622740035102,0.004494905357843352,3,0.905 +/- 0.004
0.4,conservative_balanced_router,classifier_entitled_count,234.33333333333334,1.1547005383792515,3,234.333 +/- 1.155
0.4,conservative_balanced_router,routed_entitled_count,233.66666666666666,0.5773502691896257,3,233.667 +/- 0.577
0.4,conservative_balanced_router,downgraded_count,0.6666666666666666,0.5773502691896257,3,0.667 +/- 0.577
0.4,conservative_balanced_router,downgrade_rate_among_classifier_entitled,0.0028368794326241137,0.002456809656126067,3,0.003 +/- 0.002
0.4,conservative_balanced_router,downgraded_gold_support_count,0.0,0.0,3,0.000 +/- 0.000
0.4,conservative_balanced_router,support_recall_pre_router,0.9888888888888889,0.011111111111111127,3,0.989 +/- 0.011
0.4,conservative_balanced_router,support_recall_post_router,0.9888888888888889,0.011111111111111127,3,0.989 +/- 0.011
0.4,conservative_balanced_router,support_recall_drop,0.0,0.0,3,0.000 +/- 0.000
0.4,conservative_balanced_router,support_precision_pre_router,0.6189655172413793,0.0125487152782365,3,0.619 +/- 0.013
0.4,conservative_balanced_router,support_precision_post_router,0.6203703703703703,0.010607814108694037,3,0.620 +/- 0.011
0.4,conservative_balanced_router,support_precision_gain,0.0014048531289910793,0.002433276996584663,3,0.001 +/- 0.002
0.4,conservative_balanced_router,false_support_removed_count,0.3333333333333333,0.5773502691896257,3,0.333 +/- 0.577
0.4,conservative_balanced_router,false_refute_removed_count,0.3333333333333333,0.5773502691896257,3,0.333 +/- 0.577
0.4,conservative_balanced_router,retained_violation_rate,0.0,0.0,3,0.000 +/- 0.000
0.4,conservative_balanced_router,pre_router_candidate_gate_fail_rate,0.0028368794326241137,0.002456809656126067,3,0.003 +/- 0.002
0.4,conservative_balanced_router,pre_router_candidate_gate_fail_count,0.6666666666666666,0.5773502691896257,3,0.667 +/- 0.577
0.4,conservative_strict_router,final_accuracy,0.9277777777777777,0.003916731363210106,3,0.928 +/- 0.004
0.4,conservative_strict_router,final_macro_f1,0.9034495125151037,0.005338634778044427,3,0.903 +/- 0.005
0.4,conservative_strict_router,classifier_entitled_count,234.33333333333334,1.1547005383792515,3,234.333 +/- 1.155
0.4,conservative_strict_router,routed_entitled_count,234.33333333333334,1.1547005383792515,3,234.333 +/- 1.155
0.4,conservative_strict_router,downgraded_count,0.0,0.0,3,0.000 +/- 0.000
0.4,conservative_strict_router,downgrade_rate_among_classifier_entitled,0.0,0.0,3,0.000 +/- 0.000
0.4,conservative_strict_router,downgraded_gold_support_count,0.0,0.0,3,0.000 +/- 0.000
0.4,conservative_strict_router,support_recall_pre_router,0.9888888888888889,0.011111111111111127,3,0.989 +/- 0.011
0.4,conservative_strict_router,support_recall_post_router,0.9888888888888889,0.011111111111111127,3,0.989 +/- 0.011
0.4,conservative_strict_router,support_recall_drop,0.0,0.0,3,0.000 +/- 0.000
0.4,conservative_strict_router,support_precision_pre_router,0.6189655172413793,0.0125487152782365,3,0.619 +/- 0.013
0.4,conservative_strict_router,support_precision_post_router,0.6189655172413793,0.0125487152782365,3,0.619 +/- 0.013
0.4,conservative_strict_router,support_precision_gain,0.0,0.0,3,0.000 +/- 0.000
0.4,conservative_strict_router,false_support_removed_count,0.0,0.0,3,0.000 +/- 0.000
0.4,conservative_strict_router,false_refute_removed_count,0.0,0.0,3,0.000 +/- 0.000
0.4,conservative_strict_router,retained_violation_rate,0.0,0.0,3,0.000 +/- 0.000
0.4,conservative_strict_router,pre_router_candidate_gate_fail_rate,0.0,0.0,3,0.000 +/- 0.000
0.4,conservative_strict_router,pre_router_candidate_gate_fail_count,0.0,0.0,3,0.000 +/- 0.000
0.4,dual_auditor_router,final_accuracy,0.9286324786324786,0.003226424972337916,3,0.929 +/- 0.003
0.4,dual_auditor_router,final_macro_f1,0.904622740035102,0.004494905357843352,3,0.905 +/- 0.004
0.4,dual_auditor_router,classifier_entitled_count,234.33333333333334,1.1547005383792515,3,234.333 +/- 1.155
0.4,dual_auditor_router,routed_entitled_count,233.66666666666666,0.5773502691896257,3,233.667 +/- 0.577
0.4,dual_auditor_router,downgraded_count,0.6666666666666666,0.5773502691896257,3,0.667 +/- 0.577
0.4,dual_auditor_router,downgrade_rate_among_classifier_entitled,0.0028368794326241137,0.002456809656126067,3,0.003 +/- 0.002
0.4,dual_auditor_router,downgraded_gold_support_count,0.0,0.0,3,0.000 +/- 0.000
0.4,dual_auditor_router,support_recall_pre_router,0.9888888888888889,0.011111111111111127,3,0.989 +/- 0.011
0.4,dual_auditor_router,support_recall_post_router,0.9888888888888889,0.011111111111111127,3,0.989 +/- 0.011
0.4,dual_auditor_router,support_recall_drop,0.0,0.0,3,0.000 +/- 0.000
0.4,dual_auditor_router,support_precision_pre_router,0.6189655172413793,0.0125487152782365,3,0.619 +/- 0.013
0.4,dual_auditor_router,support_precision_post_router,0.6203703703703703,0.010607814108694037,3,0.620 +/- 0.011
0.4,dual_auditor_router,support_precision_gain,0.0014048531289910793,0.002433276996584663,3,0.001 +/- 0.002
0.4,dual_auditor_router,false_support_removed_count,0.3333333333333333,0.5773502691896257,3,0.333 +/- 0.577
0.4,dual_auditor_router,false_refute_removed_count,0.3333333333333333,0.5773502691896257,3,0.333 +/- 0.577
0.4,dual_auditor_router,retained_violation_rate,0.0,0.0,3,0.000 +/- 0.000
0.4,dual_auditor_router,pre_router_candidate_gate_fail_rate,0.0028368794326241137,0.002456809656126067,3,0.003 +/- 0.002
0.4,dual_auditor_router,pre_router_candidate_gate_fail_count,0.6666666666666666,0.5773502691896257,3,0.667 +/- 0.577
0.5,conservative_balanced_router,final_accuracy,0.9294871794871794,0.003391988860339207,3,0.929 +/- 0.003
0.5,conservative_balanced_router,final_macro_f1,0.9055543967736243,0.004571450221365521,3,0.906 +/- 0.005
0.5,conservative_balanced_router,classifier_entitled_count,234.33333333333334,1.1547005383792515,3,234.333 +/- 1.155
0.5,conservative_balanced_router,routed_entitled_count,233.0,1.0,3,233.000 +/- 1.000
0.5,conservative_balanced_router,downgraded_count,1.3333333333333333,1.5275252316519468,3,1.333 +/- 1.528
0.5,conservative_balanced_router,downgrade_rate_among_classifier_entitled,0.005673758865248227,0.006500107368731687,3,0.006 +/- 0.007
0.5,conservative_balanced_router,downgraded_gold_support_count,0.0,0.0,3,0.000 +/- 0.000
0.5,conservative_balanced_router,support_recall_pre_router,0.9888888888888889,0.011111111111111127,3,0.989 +/- 0.011
0.5,conservative_balanced_router,support_recall_post_router,0.9888888888888889,0.011111111111111127,3,0.989 +/- 0.011
0.5,conservative_balanced_router,support_recall_drop,0.0,0.0,3,0.000 +/- 0.000
0.5,conservative_balanced_router,support_precision_pre_router,0.6189655172413793,0.0125487152782365,3,0.619 +/- 0.013
0.5,conservative_balanced_router,support_precision_post_router,0.6232720396452791,0.010845934391821722,3,0.623 +/- 0.011
0.5,conservative_balanced_router,support_precision_gain,0.0043065224038998,0.004353232500624979,3,0.004 +/- 0.004
0.5,conservative_balanced_router,false_support_removed_count,1.0,1.0,3,1.000 +/- 1.000
0.5,conservative_balanced_router,false_refute_removed_count,0.3333333333333333,0.5773502691896257,3,0.333 +/- 0.577
0.5,conservative_balanced_router,retained_violation_rate,0.0,0.0,3,0.000 +/- 0.000
0.5,conservative_balanced_router,pre_router_candidate_gate_fail_rate,0.005673758865248227,0.006500107368731687,3,0.006 +/- 0.007
0.5,conservative_balanced_router,pre_router_candidate_gate_fail_count,1.3333333333333333,1.5275252316519468,3,1.333 +/- 1.528
0.5,conservative_strict_router,final_accuracy,0.9277777777777777,0.003916731363210106,3,0.928 +/- 0.004
0.5,conservative_strict_router,final_macro_f1,0.9034495125151037,0.005338634778044427,3,0.903 +/- 0.005
0.5,conservative_strict_router,classifier_entitled_count,234.33333333333334,1.1547005383792515,3,234.333 +/- 1.155
0.5,conservative_strict_router,routed_entitled_count,234.33333333333334,1.1547005383792515,3,234.333 +/- 1.155
0.5,conservative_strict_router,downgraded_count,0.0,0.0,3,0.000 +/- 0.000
0.5,conservative_strict_router,downgrade_rate_among_classifier_entitled,0.0,0.0,3,0.000 +/- 0.000
0.5,conservative_strict_router,downgraded_gold_support_count,0.0,0.0,3,0.000 +/- 0.000
0.5,conservative_strict_router,support_recall_pre_router,0.9888888888888889,0.011111111111111127,3,0.989 +/- 0.011
0.5,conservative_strict_router,support_recall_post_router,0.9888888888888889,0.011111111111111127,3,0.989 +/- 0.011
0.5,conservative_strict_router,support_recall_drop,0.0,0.0,3,0.000 +/- 0.000
0.5,conservative_strict_router,support_precision_pre_router,0.6189655172413793,0.0125487152782365,3,0.619 +/- 0.013
0.5,conservative_strict_router,support_precision_post_router,0.6189655172413793,0.0125487152782365,3,0.619 +/- 0.013
0.5,conservative_strict_router,support_precision_gain,0.0,0.0,3,0.000 +/- 0.000
0.5,conservative_strict_router,false_support_removed_count,0.0,0.0,3,0.000 +/- 0.000
0.5,conservative_strict_router,false_refute_removed_count,0.0,0.0,3,0.000 +/- 0.000
0.5,conservative_strict_router,retained_violation_rate,0.0,0.0,3,0.000 +/- 0.000
0.5,conservative_strict_router,pre_router_candidate_gate_fail_rate,0.0,0.0,3,0.000 +/- 0.000
0.5,conservative_strict_router,pre_router_candidate_gate_fail_count,0.0,0.0,3,0.000 +/- 0.000
0.5,dual_auditor_router,final_accuracy,0.9294871794871794,0.003391988860339207,3,0.929 +/- 0.003
0.5,dual_auditor_router,final_macro_f1,0.9055543967736243,0.004571450221365521,3,0.906 +/- 0.005
0.5,dual_auditor_router,classifier_entitled_count,234.33333333333334,1.1547005383792515,3,234.333 +/- 1.155
0.5,dual_auditor_router,routed_entitled_count,233.0,1.0,3,233.000 +/- 1.000
0.5,dual_auditor_router,downgraded_count,1.3333333333333333,1.5275252316519468,3,1.333 +/- 1.528
0.5,dual_auditor_router,downgrade_rate_among_classifier_entitled,0.005673758865248227,0.006500107368731687,3,0.006 +/- 0.007
0.5,dual_auditor_router,downgraded_gold_support_count,0.0,0.0,3,0.000 +/- 0.000
0.5,dual_auditor_router,support_recall_pre_router,0.9888888888888889,0.011111111111111127,3,0.989 +/- 0.011
0.5,dual_auditor_router,support_recall_post_router,0.9888888888888889,0.011111111111111127,3,0.989 +/- 0.011
0.5,dual_auditor_router,support_recall_drop,0.0,0.0,3,0.000 +/- 0.000
0.5,dual_auditor_router,support_precision_pre_router,0.6189655172413793,0.0125487152782365,3,0.619 +/- 0.013
0.5,dual_auditor_router,support_precision_post_router,0.6232720396452791,0.010845934391821722,3,0.623 +/- 0.011
0.5,dual_auditor_router,support_precision_gain,0.0043065224038998,0.004353232500624979,3,0.004 +/- 0.004
0.5,dual_auditor_router,false_support_removed_count,1.0,1.0,3,1.000 +/- 1.000
0.5,dual_auditor_router,false_refute_removed_count,0.3333333333333333,0.5773502691896257,3,0.333 +/- 0.577
0.5,dual_auditor_router,retained_violation_rate,0.0,0.0,3,0.000 +/- 0.000
0.5,dual_auditor_router,pre_router_candidate_gate_fail_rate,0.005673758865248227,0.006500107368731687,3,0.006 +/- 0.007
0.5,dual_auditor_router,pre_router_candidate_gate_fail_count,1.3333333333333333,1.5275252316519468,3,1.333 +/- 1.528
0.6,conservative_balanced_router,final_accuracy,0.929059829059829,0.003226424972337916,3,0.929 +/- 0.003
0.6,conservative_balanced_router,final_macro_f1,0.9048692855588977,0.00445882164578747,3,0.905 +/- 0.004
0.6,conservative_balanced_router,classifier_entitled_count,234.33333333333334,1.1547005383792515,3,234.333 +/- 1.155
0.6,conservative_balanced_router,routed_entitled_count,232.66666666666666,1.5275252316519468,3,232.667 +/- 1.528
0.6,conservative_balanced_router,downgraded_count,1.6666666666666667,2.0816659994661326,3,1.667 +/- 2.082
0.6,conservative_balanced_router,downgrade_rate_among_classifier_entitled,0.0070921985815602835,0.008858153189217587,3,0.007 +/- 0.009
0.6,conservative_balanced_router,downgraded_gold_support_count,0.3333333333333333,0.5773502691896257,3,0.333 +/- 0.577
0.6,conservative_balanced_router,support_recall_pre_router,0.9888888888888889,0.011111111111111127,3,0.989 +/- 0.011
0.6,conservative_balanced_router,support_recall_post_router,0.9851851851851853,0.012830005981991702,3,0.985 +/- 0.013
0.6,conservative_balanced_router,support_recall_drop,0.0037037037037037277,0.006415002990995883,3,0.004 +/- 0.006
0.6,conservative_balanced_router,support_precision_pre_router,0.6189655172413793,0.0125487152782365,3,0.619 +/- 0.013
0.6,conservative_balanced_router,support_precision_post_router,0.6223896769109535,0.0105230962549884,3,0.622 +/- 0.011
0.6,conservative_balanced_router,support_precision_gain,0.0034241596695742116,0.0031053415787707533,3,0.003 +/- 0.003
0.6,conservative_balanced_router,false_support_removed_count,1.0,1.0,3,1.000 +/- 1.000
0.6,conservative_balanced_router,false_refute_removed_count,0.3333333333333333,0.5773502691896257,3,0.333 +/- 0.577
0.6,conservative_balanced_router,retained_violation_rate,0.0,0.0,3,0.000 +/- 0.000
0.6,conservative_balanced_router,pre_router_candidate_gate_fail_rate,0.0070921985815602835,0.008858153189217587,3,0.007 +/- 0.009
0.6,conservative_balanced_router,pre_router_candidate_gate_fail_count,1.6666666666666667,2.0816659994661326,3,1.667 +/- 2.082
0.6,conservative_strict_router,final_accuracy,0.9286324786324786,0.0029607706112288394,3,0.929 +/- 0.003
0.6,conservative_strict_router,final_macro_f1,0.9043675308247919,0.004376008137921051,3,0.904 +/- 0.004
0.6,conservative_strict_router,classifier_entitled_count,234.33333333333334,1.1547005383792515,3,234.333 +/- 1.155
0.6,conservative_strict_router,routed_entitled_count,233.66666666666666,1.1547005383792515,3,233.667 +/- 1.155
0.6,conservative_strict_router,downgraded_count,0.6666666666666666,1.1547005383792515,3,0.667 +/- 1.155
0.6,conservative_strict_router,downgrade_rate_among_classifier_entitled,0.0028368794326241137,0.004913619312252134,3,0.003 +/- 0.005
0.6,conservative_strict_router,downgraded_gold_support_count,0.0,0.0,3,0.000 +/- 0.000
0.6,conservative_strict_router,support_recall_pre_router,0.9888888888888889,0.011111111111111127,3,0.989 +/- 0.011
0.6,conservative_strict_router,support_recall_post_router,0.9888888888888889,0.011111111111111127,3,0.989 +/- 0.011
0.6,conservative_strict_router,support_recall_drop,0.0,0.0,3,0.000 +/- 0.000
0.6,conservative_strict_router,support_precision_pre_router,0.6189655172413793,0.0125487152782365,3,0.619 +/- 0.013
0.6,conservative_strict_router,support_precision_post_router,0.6217948717948718,0.008890660778361741,3,0.622 +/- 0.009
0.6,conservative_strict_router,support_precision_gain,0.002829354553492499,0.004900585839275363,3,0.003 +/- 0.005
0.6,conservative_strict_router,false_support_removed_count,0.6666666666666666,1.1547005383792515,3,0.667 +/- 1.155
0.6,conservative_strict_router,false_refute_removed_count,0.0,0.0,3,0.000 +/- 0.000
0.6,conservative_strict_router,retained_violation_rate,0.0,0.0,3,0.000 +/- 0.000
0.6,conservative_strict_router,pre_router_candidate_gate_fail_rate,0.0028368794326241137,0.004913619312252134,3,0.003 +/- 0.005
0.6,conservative_strict_router,pre_router_candidate_gate_fail_count,0.6666666666666666,1.1547005383792515,3,0.667 +/- 1.155
0.6,dual_auditor_router,final_accuracy,0.9299145299145298,0.001958365681605053,3,0.930 +/- 0.002
0.6,dual_auditor_router,final_macro_f1,0.9057930933319943,0.003218100227008227,3,0.906 +/- 0.003
0.6,dual_auditor_router,classifier_entitled_count,234.33333333333334,1.1547005383792515,3,234.333 +/- 1.155
0.6,dual_auditor_router,routed_entitled_count,232.0,1.0,3,232.000 +/- 1.000
0.6,dual_auditor_router,downgraded_count,2.3333333333333335,2.0816659994661326,3,2.333 +/- 2.082
0.6,dual_auditor_router,downgrade_rate_among_classifier_entitled,0.009929078014184398,0.008858153189217587,3,0.010 +/- 0.009
0.6,dual_auditor_router,downgraded_gold_support_count,0.3333333333333333,0.5773502691896257,3,0.333 +/- 0.577
0.6,dual_auditor_router,support_recall_pre_router,0.9888888888888889,0.011111111111111127,3,0.989 +/- 0.011
0.6,dual_auditor_router,support_recall_post_router,0.9851851851851853,0.012830005981991702,3,0.985 +/- 0.013
0.6,dual_auditor_router,support_recall_drop,0.0037037037037037277,0.006415002990995883,3,0.004 +/- 0.006
0.6,dual_auditor_router,support_precision_pre_router,0.6189655172413793,0.0125487152782365,3,0.619 +/- 0.013
0.6,dual_auditor_router,support_precision_post_router,0.6252587431603014,0.0061930057959815295,3,0.625 +/- 0.006
0.6,dual_auditor_router,support_precision_gain,0.0062932259189221185,0.006414117024839447,3,0.006 +/- 0.006
0.6,dual_auditor_router,false_support_removed_count,1.6666666666666667,1.5275252316519468,3,1.667 +/- 1.528
0.6,dual_auditor_router,false_refute_removed_count,0.3333333333333333,0.5773502691896257,3,0.333 +/- 0.577
0.6,dual_auditor_router,retained_violation_rate,0.0,0.0,3,0.000 +/- 0.000
0.6,dual_auditor_router,pre_router_candidate_gate_fail_rate,0.009929078014184398,0.008858153189217587,3,0.010 +/- 0.009
0.6,dual_auditor_router,pre_router_candidate_gate_fail_count,2.3333333333333335,2.0816659994661326,3,2.333 +/- 2.082
0.7,conservative_balanced_router,final_accuracy,0.9299145299145298,0.001958365681605053,3,0.930 +/- 0.002
0.7,conservative_balanced_router,final_macro_f1,0.9057930933319943,0.003218100227008227,3,0.906 +/- 0.003
0.7,conservative_balanced_router,classifier_entitled_count,234.33333333333334,1.1547005383792515,3,234.333 +/- 1.155
0.7,conservative_balanced_router,routed_entitled_count,232.0,1.0,3,232.000 +/- 1.000
0.7,conservative_balanced_router,downgraded_count,2.3333333333333335,2.0816659994661326,3,2.333 +/- 2.082
0.7,conservative_balanced_router,downgrade_rate_among_classifier_entitled,0.009929078014184398,0.008858153189217587,3,0.010 +/- 0.009
0.7,conservative_balanced_router,downgraded_gold_support_count,0.3333333333333333,0.5773502691896257,3,0.333 +/- 0.577
0.7,conservative_balanced_router,support_recall_pre_router,0.9888888888888889,0.011111111111111127,3,0.989 +/- 0.011
0.7,conservative_balanced_router,support_recall_post_router,0.9851851851851853,0.012830005981991702,3,0.985 +/- 0.013
0.7,conservative_balanced_router,support_recall_drop,0.0037037037037037277,0.006415002990995883,3,0.004 +/- 0.006
0.7,conservative_balanced_router,support_precision_pre_router,0.6189655172413793,0.0125487152782365,3,0.619 +/- 0.013
0.7,conservative_balanced_router,support_precision_post_router,0.6252587431603014,0.0061930057959815295,3,0.625 +/- 0.006
0.7,conservative_balanced_router,support_precision_gain,0.0062932259189221185,0.006414117024839447,3,0.006 +/- 0.006
0.7,conservative_balanced_router,false_support_removed_count,1.6666666666666667,1.5275252316519468,3,1.667 +/- 1.528
0.7,conservative_balanced_router,false_refute_removed_count,0.3333333333333333,0.5773502691896257,3,0.333 +/- 0.577
0.7,conservative_balanced_router,retained_violation_rate,0.0,0.0,3,0.000 +/- 0.000
0.7,conservative_balanced_router,pre_router_candidate_gate_fail_rate,0.009929078014184398,0.008858153189217587,3,0.010 +/- 0.009
0.7,conservative_balanced_router,pre_router_candidate_gate_fail_count,2.3333333333333335,2.0816659994661326,3,2.333 +/- 2.082
0.7,conservative_strict_router,final_accuracy,0.9303418803418803,0.001958365681605053,3,0.930 +/- 0.002
0.7,conservative_strict_router,final_macro_f1,0.9062544140029685,0.003431018476430726,3,0.906 +/- 0.003
0.7,conservative_strict_router,classifier_entitled_count,234.33333333333334,1.1547005383792515,3,234.333 +/- 1.155
0.7,conservative_strict_router,routed_entitled_count,231.66666666666666,1.5275252316519468,3,231.667 +/- 1.528
0.7,conservative_strict_router,downgraded_count,2.6666666666666665,2.516611478423583,3,2.667 +/- 2.517
0.7,conservative_strict_router,downgrade_rate_among_classifier_entitled,0.011347517730496455,0.01070898501456844,3,0.011 +/- 0.011
0.7,conservative_strict_router,downgraded_gold_support_count,0.3333333333333333,0.5773502691896257,3,0.333 +/- 0.577
0.7,conservative_strict_router,support_recall_pre_router,0.9888888888888889,0.011111111111111127,3,0.989 +/- 0.011
0.7,conservative_strict_router,support_recall_post_router,0.9851851851851853,0.01697250257391052,3,0.985 +/- 0.017
0.7,conservative_strict_router,support_recall_drop,0.0037037037037036904,0.006415002990995819,3,0.004 +/- 0.006
0.7,conservative_strict_router,support_precision_pre_router,0.6189655172413793,0.0125487152782365,3,0.619 +/- 0.013
0.7,conservative_strict_router,support_precision_post_router,0.6267111930844326,0.005258110344132723,3,0.627 +/- 0.005
0.7,conservative_strict_router,support_precision_gain,0.0077456758430532275,0.00731335337316654,3,0.008 +/- 0.007
0.7,conservative_strict_router,false_support_removed_count,2.0,2.0,3,2.000 +/- 2.000
0.7,conservative_strict_router,false_refute_removed_count,0.3333333333333333,0.5773502691896257,3,0.333 +/- 0.577
0.7,conservative_strict_router,retained_violation_rate,0.0,0.0,3,0.000 +/- 0.000
0.7,conservative_strict_router,pre_router_candidate_gate_fail_rate,0.011347517730496455,0.01070898501456844,3,0.011 +/- 0.011
0.7,conservative_strict_router,pre_router_candidate_gate_fail_count,2.6666666666666665,2.516611478423583,3,2.667 +/- 2.517
0.7,dual_auditor_router,final_accuracy,0.9303418803418803,0.0014803853056144197,3,0.930 +/- 0.001
0.7,dual_auditor_router,final_macro_f1,0.9060376033846419,0.002948244252820819,3,0.906 +/- 0.003
0.7,dual_auditor_router,classifier_entitled_count,234.33333333333334,1.1547005383792515,3,234.333 +/- 1.155
0.7,dual_auditor_router,routed_entitled_count,231.0,2.0,3,231.000 +/- 2.000
0.7,dual_auditor_router,downgraded_count,3.3333333333333335,3.0550504633038935,3,3.333 +/- 3.055
0.7,dual_auditor_router,downgrade_rate_among_classifier_entitled,0.014184397163120567,0.013000214737463375,3,0.014 +/- 0.013
0.7,dual_auditor_router,downgraded_gold_support_count,0.6666666666666666,0.5773502691896257,3,0.667 +/- 0.577
0.7,dual_auditor_router,support_recall_pre_router,0.9888888888888889,0.011111111111111127,3,0.989 +/- 0.011
0.7,dual_auditor_router,support_recall_post_router,0.9814814814814815,0.01697250257391052,3,0.981 +/- 0.017
0.7,dual_auditor_router,support_recall_drop,0.007407407407407418,0.006415002990995851,3,0.007 +/- 0.006
0.7,dual_auditor_router,support_precision_pre_router,0.6189655172413793,0.0125487152782365,3,0.619 +/- 0.013
0.7,dual_auditor_router,support_precision_post_router,0.6273190667324297,0.004104005904502717,3,0.627 +/- 0.004
0.7,dual_auditor_router,support_precision_gain,0.008353549491050346,0.009707129509932022,3,0.008 +/- 0.010
0.7,dual_auditor_router,false_support_removed_count,2.3333333333333335,2.516611478423583,3,2.333 +/- 2.517
0.7,dual_auditor_router,false_refute_removed_count,0.3333333333333333,0.5773502691896257,3,0.333 +/- 0.577
0.7,dual_auditor_router,retained_violation_rate,0.0,0.0,3,0.000 +/- 0.000
0.7,dual_auditor_router,pre_router_candidate_gate_fail_rate,0.014184397163120567,0.013000214737463375,3,0.014 +/- 0.013
0.7,dual_auditor_router,pre_router_candidate_gate_fail_count,3.3333333333333335,3.0550504633038935,3,3.333 +/- 3.055
